7 Seven,Fizz Tech,iPeer Bomb,Finals Week,Dons,The Culture,Mega Gears,The Shigley
1234567890AO,Not Us AEOOU,Perfect Runs,3 AM ZS58BAO,The Function,Consistency,Too Cracked,TEAM RC A7A
4 four,Tiny Puddles,Stolen,Dark Night,Sunny Beach,Green Jealou,Wood Stick,Lost Tourist
4 four,Tiny Puddles,Melted,Quiet Dusk,Tall Mountai,Pure Hunger,Silver Fork,Clever Cat
2 two,New Hats,Tossed,Late Twiligh,Big Garden,Feeling Bore,Sharp Pen,Young Child
7 seven,Tiny Puddles,Stolen,Bright Noon,Small Room,Summer Heat,Big Fan,Brown Bear
5 five,Sweet Cookie,Lost,Quiet Dusk,Hot Bathtub,Pure Hunger,Soup Spoon,Black Crow
10 ten,Sweet Cookie,Ripped,Windy Autumn,Quiet Librar,Being Carele,Soft Brush,Clever Cat
8 eight,Green Leaves,Eaten,Bright Noon,Tall Mountai,Green Jealou,Big Fan,Black Crow
9 nine,Old Shoes,Tossed,Dark Night,Small Room,Green Jealou,Soup Spoon,Black Crow
3 three,Green Leaves,Tossed,Dark Night,Busy City,Little Drama,Red Laser,Gentle Breez
6 six,Green Leaves,Ripped,Cold Winter,Calm River,Childish Fun,Strong Boot,Brown Bear
3 three,New Hats,Tossed,Cool Spring,Quiet Librar,Childish Fun,Soup Spoon,Sneaky Mouse
5 five,Falling Star,Wilted,Late Twiligh,Big Garden,Sudden Anger,Silver Fork,Tiny Ant
10 ten,Sweet Cookie,Popped,Tea Time,Outer Space,Childish Fun,Red Laser,Singing Bird
7 seven,High Kites,Lost,Windy Autumn,Outer Space,Pure Hunger,Soft Brush,Black Crow
5 five,Tiny Puddles,Blown,Dark Night,Big Garden,Little Drama,Sharp Pen,Sneaky Mouse
6 six,Tiny Puddles,Lost,Cold Winter,Sunny Beach,Curious Mind,Wood Stick,Singing Bird
10 ten,New Hats,Tossed,Quiet Dusk,Tall Mountai,Summer Heat,Silver Fork,Black Crow
10 ten,New Hats,Melted,Cold Winter,Calm River,Feeling Bore,Strong Boot,Gentle Breez
1 one,Tiny Puddles,Lost,Cool Spring,Busy City,Childish Fun,Steel Hammer,Black Crow
8 eight,Old Shoes,Wilted,Midday Sun,Quiet Librar,Childish Fun,Red Laser,Gentle Breez
4 four,Tiny Puddles,Popped,Windy Autumn,Quiet Librar,Green Jealou,Strong Boot,Singing Bird
1 one,Sweet Cookie,Tossed,Bright Noon,Tall Mountai,Sudden Anger,Big Fan,Helper Robot
8 eight,Falling Star,Stolen,Midday Sun,Small Room,Green Jealou,Silver Fork,Young Child
2 two,Green Leaves,Blown,Cool Spring,Outer Space,Neglectful A,Wood Stick,Brown Bear
6 six,Old Shoes,Eaten,Early Mornin,Calm River,Neglectful A,Big Fan,Brown Bear
7 seven,Round Pebble,Ripped,Cold Winter,Sunny Beach,Sudden Anger,Red Laser,Sneaky Mouse
10 ten,Sweet Cookie,Blown,Bright Noon,Calm River,Summer Heat,Red Laser,Black Crow
9 nine,Sweet Cookie,Melted,Tea Time,Hot Bathtub,Summer Heat,Soup Spoon,Gentle Breez
5 five,Green Leaves,Blown,Bright Noon,Calm River,Pure Hunger,Soft Brush,Lost Tourist
2 two,Old Shoes,Wilted,Late Twiligh,Quiet Librar,Feeling Bore,Steel Hammer,Singing Bird
3 three,Falling Star,Crushed,Late Twiligh,Big Garden,Green Jealou,Strong Boot,Young Child
10 ten,New Hats,Ripped,Early Mornin,Outer Space,Sudden Anger,Strong Boot,Lost Tourist
8 eight,Big Books,Popped,Early Mornin,Tall Mountai,Sudden Anger,Silver Fork,Singing Bird
1 one,Big Books,Eaten,Dark Night,Deep Forest,Green Jealou,Big Fan,Brown Bear
8 eight,Green Leaves,Popped,Cold Winter,Big Garden,Feeling Bore,Strong Boot,Brown Bear
5 five,New Hats,Popped,Late Twiligh,Busy City,Green Jealou,Rubber Duck,Gentle Breez
3 three,Green Leaves,Popped,Bright Noon,Hot Bathtub,Being Carele,Soup Spoon,Gentle Breez
10 ten,Tiny Puddles,Popped,Tea Time,Busy City,Being Carele,Sharp Pen,Lost Tourist
8 eight,Round Pebble,Tossed,Windy Autumn,Tall Mountai,Feeling Bore,Soup Spoon,Brown Bear
2 two,Small Clouds,Eaten,Dark Night,Quiet Librar,Little Drama,Red Laser,Tiny Ant
7 seven,Sweet Cookie,Lost,Cool Spring,Quiet Librar,Summer Heat,Soup Spoon,Lost Tourist
6 six,New Hats,Tossed,Midday Sun,Tall Mountai,Pure Hunger,Sharp Pen,Helper Robot
5 five,Small Clouds,Wilted,Windy Autumn,Big Garden,Sudden Anger,Soup Spoon,Black Crow
8 eight,High Kites,Crushed,Dark Night,Small Room,Curious Mind,Soft Brush,Sneaky Mouse
3 three,Tiny Puddles,Eaten,Cool Spring,Calm River,Green Jealou,Rubber Duck,Brown Bear
2 two,Small Clouds,Wilted,Dark Night,Small Room,Being Carele,Silver Fork,Tiny Ant
6 six,Falling Star,Wilted,Bright Noon,Tall Mountai,Curious Mind,Wood Stick,Black Crow
1 one,Round Pebble,Tossed,Bright Noon,Calm River,Little Drama,Wood Stick,Brown Bear
3 three,High Kites,Stolen,Windy Autumn,Hot Bathtub,Green Jealou,Soup Spoon,Singing Bird
3 three,High Kites,Melted,Late Twiligh,Tall Mountai,Being Carele,Strong Boot,Sneaky Mouse
9 nine,Falling Star,Wilted,Late Twiligh,Sunny Beach,Green Jealou,Soup Spoon,Gentle Breez
9 nine,Small Clouds,Eaten,Quiet Dusk,Big Garden,Summer Heat,Soft Brush,Tiny Ant
6 six,New Hats,Stolen,Late Twiligh,Tall Mountai,Little Drama,Soup Spoon,Clever Cat
1 one,Small Clouds,Popped,Cool Spring,Tall Mountai,Pure Hunger,Red Laser,Clever Cat
2 two,Big Books,Melted,Quiet Dusk,Quiet Librar,Feeling Bore,Big Fan,Young Child
9 nine,Sweet Cookie,Wilted,Cold Winter,Hot Bathtub,Summer Heat,Strong Boot,Brown Bear
5 five,Small Clouds,Ripped,Late Twiligh,Small Room,Curious Mind,Big Fan,Gentle Breez
1 one,Green Leaves,Melted,Quiet Dusk,Busy City,Neglectful A,Steel Hammer,Young Child
7 seven,Tiny Puddles,Melted,Dark Night,Busy City,Being Carele,Sharp Pen,Gentle Breez
1 one,Round Pebble,Popped,Dark Night,Deep Forest,Sudden Anger,Wood Stick,Young Child
8 eight,High Kites,Crushed,Dark Night,Small Room,Little Drama,Silver Fork,Brown Bear
10 ten,Tiny Puddles,Stolen,Midday Sun,Tall Mountai,Feeling Bore,Silver Fork,Brown Bear
6 six,Tiny Puddles,Ripped,Midday Sun,Deep Forest,Childish Fun,Silver Fork,Brown Bear
10 ten,Falling Star,Popped,Midday Sun,Deep Forest,Little Drama,Big Fan,Sneaky Mouse
9 nine,New Hats,Eaten,Early Mornin,Sunny Beach,Neglectful A,Steel Hammer,Clever Cat
4 four,Green Leaves,Crushed,Tea Time,Busy City,Sudden Anger,Soft Brush,Young Child
4 four,Falling Star,Eaten,Midday Sun,Deep Forest,Pure Hunger,Rubber Duck,Sneaky Mouse
7 seven,Falling Star,Tossed,Cool Spring,Calm River,Being Carele,Steel Hammer,Helper Robot
7 seven,Big Books,Lost,Cold Winter,Quiet Librar,Being Carele,Red Laser,Helper Robot
2 two,Green Leaves,Lost,Quiet Dusk,Calm River,Childish Fun,Sharp Pen,Clever Cat
1 one,Small Clouds,Blown,Early Mornin,Tall Mountai,Sudden Anger,Red Laser,Singing Bird
2 two,Tiny Puddles,Crushed,Quiet Dusk,Hot Bathtub,Childish Fun,Wood Stick,Black Crow
2 two,Small Clouds,Blown,Windy Autumn,Tall Mountai,Little Drama,Strong Boot,Helper Robot
2 two,Green Leaves,Eaten,Early Mornin,Outer Space,Green Jealou,Wood Stick,Clever Cat
4 four,High Kites,Ripped,Bright Noon,Small Room,Neglectful A,Soft Brush,Brown Bear
2 two,Big Books,Stolen,Bright Noon,Tall Mountai,Green Jealou,Red Laser,Helper Robot
10 ten,High Kites,Melted,Cool Spring,Hot Bathtub,Being Carele,Rubber Duck,Tiny Ant
10 ten,Big Books,Stolen,Windy Autumn,Deep Forest,Neglectful A,Sharp Pen,Brown Bear
4 four,Falling Star,Crushed,Dark Night,Outer Space,Childish Fun,Big Fan,Black Crow
10 ten,High Kites,Eaten,Midday Sun,Quiet Librar,Neglectful A,Rubber Duck,Helper Robot
4 four,Old Shoes,Crushed,Midday Sun,Deep Forest,Curious Mind,Red Laser,Gentle Breez
4 four,Green Leaves,Popped,Midday Sun,Outer Space,Being Carele,Silver Fork,Sneaky Mouse
3 three,New Hats,Stolen,Windy Autumn,Calm River,Summer Heat,Soft Brush,Gentle Breez
2 two,Green Leaves,Wilted,Midday Sun,Busy City,Little Drama,Rubber Duck,Tiny Ant
10 ten,Round Pebble,Popped,Tea Time,Tall Mountai,Feeling Bore,Steel Hammer,Singing Bird
4 four,Big Books,Wilted,Cold Winter,Tall Mountai,Curious Mind,Wood Stick,Brown Bear
7 seven,Sweet Cookie,Eaten,Late Twiligh,Tall Mountai,Being Carele,Big Fan,Sneaky Mouse
6 six,Tiny Puddles,Blown,Quiet Dusk,Deep Forest,Being Carele,Soup Spoon,Brown Bear
10 ten,Big Books,Popped,Tea Time,Quiet Librar,Curious Mind,Wood Stick,Young Child
2 two,Big Books,Eaten,Windy Autumn,Hot Bathtub,Summer Heat,Strong Boot,Tiny Ant
1 one,Tiny Puddles,Ripped,Tea Time,Hot Bathtub,Being Carele,Sharp Pen,Lost Tourist
8 eight,Old Shoes,Melted,Windy Autumn,Busy City,Curious Mind,Soup Spoon,Sneaky Mouse
2 two,Falling Star,Lost,Bright Noon,Calm River,Little Drama,Wood Stick,Lost Tourist
1 one,High Kites,Wilted,Windy Autumn,Sunny Beach,Pure Hunger,Strong Boot,Gentle Breez
3 three,Old Shoes,Lost,Cold Winter,Deep Forest,Neglectful A,Red Laser,Young Child
7 seven,New Hats,Wilted,Late Twiligh,Sunny Beach,Childish Fun,Soft Brush,Sneaky Mouse
4 four,Tiny Puddles,Lost,Cool Spring,Calm River,Sudden Anger,Sharp Pen,Brown Bear
2 two,Old Shoes,Crushed,Tea Time,Outer Space,Sudden Anger,Strong Boot,Lost Tourist
3 three,New Hats,Lost,Windy Autumn,Quiet Librar,Sudden Anger,Strong Boot,Sneaky Mouse
